{
	"voteNext" : false,
	"autoShuffleAtEnd" : true,
	"autoUniqueVotes" : true,
	"autoAdvanceMsg" : "",
	"autoMinPlayers" : 1,
	"autoMaxTime" : 900,
	"autoSkipOffline" : true,
	"autoVoteText" : "[b]%NAME% [A0A0A0]by %AUTHOR%[-][/b]",
	"autoSpecReturnToLobby" : false,
	"autoSpecAllowPlayers" : true,
	"autoSpecIdleTimeout" : -1,
	"autoSpecIdleSingle" : true,
	"autoSpecDebug" : true,
	"filters" : {},
	"levelFormat" : "%INDEX% %MODE%: [FFFFFF]%NAME%[-] by %AUTHOR%",
	"levelFormatReplacements" : {},
	"logCount" : 100,
	"showHostCommand" : true,
	"showHostResults" : false,
	"localHostCommand" : true,
	"localHostResults" : true,
	"localClientCommand" : false,
	"localClientResults" : true,
	"debugChatLogs" : false,
	"playersCanAddMap" : false,
	"playMaxPerCmd" : 0,
	"playMaxPerRound" : 1,
	"playIsVote" : false,
	"playFilter" : "",
	"playlistLevelFormat" : "%INDEX%: %NAME%",
	"rip" : [
		"ACCESS VIOLATION!",
		"AW, THAT'S TOO BAD!",
		"BOGUS!",
		"BUCKETS OF TEARS!",
		"BUMMER!",
		"CAR BOOM!",
		"CASUAL!",
		"CRIKEY!",
		"CRITICAL ERROR!",
		"DENIED!",
		"DESTROYED!",
		"DIVISION BY ZERO!",
		"DRIVING MISS DAISY!",
		"ERROR 404: SUCCESS NOT FOUND!",
		"FAREWELL!",
		"FRAGGED!",
		"FRAGMENTED!",
		"GAME OVER!",
		"HOLY TOLEDO!",
		"INERTIA SUCKS!",
		"IT KEEPS HAPPENING!",
		"KNOCKOUT!",
		"LAMESAUCE!",
		"MAYDAY!",
		"MONDO DISASTER!",
		"NICE TRY!",
		"NITRAGIC!",
		"NITRONICRASHED!",
		"NO CIGAR!",
		"NUCLEAR!",
		"NULL TERMINATED!",
		"REJECTED!",
		"ROADKILL!",
		"SAD DAY!",
		"SAYONARA!",
		"SHORT CIRCUIT!",
		"SHUT DOWN!",
		"SO SAD!",
		"STEP ON IT!",
		"STUDENT DRIVER!",
		"TAKE DOWN!",
		"THAT'S GOTTA HURT!",
		"THAT'S WHACK!",
		"TOO BAD!",
		"UNCOOL!",
		"UNFORTUNATE!",
		"VAPORIZED!",
		"WEAKSAUCE!",
		"WRECKED!",
		"WRONG TURN!",
		"YOU'D BETTER UPGRADE THAT GRAPHICS CARD--YOUR COMPUTER IS TOO SLOW!",
		"YOU'RE OUT OF CONTROL!"
	],
	"recentVersion" : "C.8.3.1",
	"win" : [
		"ALL RIGHT!",
		"ALRIGHT!",
		"AMAZING!",
		"ASTOUNDING!",
		"AWESOME!",
		"AWESOMESAUCE!",
		"BANGIN'!",
		"BETTER THAN SLICED BREAD!",
		"CHA-CHING!",
		"COOL!",
		"COWABUNGA!",
		"CRAZY!",
		"CUNNING!",
		"DOUBLE RAINBOW!",
		"DUDE!",
		"DYN-O-MITE!",
		"EXCELLENT!",
		"EXTREME!",
		"FABULOUS!",
		"FANTABULOUS!",
		"GOIN' THE DISTANCE!",
		"GOING THE DISTANCE!",
		"GOOD SHOW!",
		"GREAT JOB!",
		"GROOVY!",
		"HARDCORE!",
		"HOLY TOLEDO!",
		"HOT DOG!",
		"INSANE!",
		"IT'S BUSINESS TIME!",
		"JAMMIN'!",
		"KA-BAM SON!",
		"LEGENDARY!",
		"LIKE A BOSS!",
		"NICE!",
		"NIFTY!",
		"NO HANDLEBARS!",
		"NO WAY!",
		"OH SNAP!",
		"OUTTA THE PARK!",
		"PEAS AND CARROTS!",
		"PIZZA!",
		"PROFESSIONAL!",
		"RIDICULOUS!",
		"RIGHT ON!",
		"ROCK N' ROLL!",
		"SCORE!",
		"SIDEWHEELIE!",
		"SPIFFY!",
		"STUNNING!",
		"SUPER!",
		"SUPERFLY!",
		"SUPREME!",
		"TOO GOOD!",
		"TOTALLY AWESOME!",
		"TOTALLY TUBULAR!",
		"TRICKSTER!",
		"TWIST AND SHOUT!",
		"TWISTER CITY!",
		"ULTRA COMBO!",
		"ULTRACOMBO!",
		"UNREAL!",
		"WELL DONE!",
		"WHOA!",
		"WICKED!",
		"WINNING!",
		"WONDERFUL!",
		"YEAH!"
	],
	"infiniteLoadingPatch" : true,
	"infiniteLoadingTimeout" : 45,
	"updateCheck" : true,
	"updateShowPrerelease" : true,
	"welcome" : "",
	"allowVoteSystem" : false,
	"voteSystemThresholds" : {
		"skip" : 0.55,
		"stop" : 0.55,
		"play" : 0.55,
		"kick" : 0.7,
		"count" : 0.6
	}
}
